{
  "fluentd" : {
    "configs" : [
      "td-agent_kcecp-monitoring.conf",
      "td-agent_amazon_ses.conf"
    ],
    "ios" : {
      "destination_assigner" : {
        "config_path" : "/etc/td-agent/destination_assigner/PROD-KCECP.yml"
      },
      "notify_converter" : {
        "config_path" : "/etc/td-agent/notify_converter/monitoring.notify.yml"
      },
      "munin_alert" : {
        "environment" : "KCECP"
      }
    }
  },
  "run_list" : [
    "role[kcecp-common-a]",
    "role[munin-server-PROD-KCECP]",
    "role[kcecp-monitoring]"
  ]
}
