{
  "fluentd" : {
    "configs" : [
      "td-agent_in_kafka.conf",
      "td-agent_kcecp-dbconnector.conf",
      "td-agent_kcecp-dbconnector_nv_connect_settings.conf",
      "td-agent_kcecp-dbconnector_en_connect_settings.conf",
      "td-agent_kcecp-dbconnector_sr_connect_settings.conf"
    ],
    "ios" : {
      "in_kafka" : {
        "brokers" : "prod-kcecp-kafka-a01:9092",
        "offset_zookeeper" : "prod-kcecp-kafka-a01:2181",
        "offset_zk_root_node" : "/prod-kcecp-dbconnector-a01",
        "partitions" : [0]
      },
      "kind_converter" : {
        "mysql_host" : "35.185.163.58",
        "mysql_database" : "ecp_reportdb",
        "mysql_username" : "operation",
        "mysql_password" : "operationpass"
      },
      "device_id_converter" : {
        "host" : "35.185.163.58",
        "database" : "ecp_reportdb",
        "username" : "operation",
        "password" : "operationpass"
      },
      "out_mysql" : {
        "host" : "35.185.163.58",
        "database" : "ecp_reportdb",
        "username" : "operation",
        "password" : "operationpass"
      },
      "in_nv_config" : {
        "host" : "35.185.163.58",
        "database" : "ecp_reportdb",
        "username" : "operation",
        "password" : "operationpass"
      },
      "out_nv_config" : {
        "host" : "35.185.163.58",
        "database" : "ecp_reportdb",
        "username" : "operation",
        "password" : "operationpass",
        "project" : "kcecp-prod",
        "keyfile" : "/etc/td-agent/google-cloud-datastore/kcecp-prod.json"
      },
      "in_en_config" : {
        "host" : "35.185.163.58",
        "database" : "ecp_reportdb",
        "username" : "operation",
        "password" : "operationpass"
      },
      "out_en_config" : {
        "host" : "35.185.163.58",
        "database" : "ecp_reportdb",
        "username" : "operation",
        "password" : "operationpass",
        "project" : "kcecp-prod",
        "keyfile" : "/etc/td-agent/google-cloud-datastore/kcecp-prod.json"
      },
      "in_sr_config" : {
        "host" : "35.185.163.58",
        "database" : "ecp_reportdb",
        "username" : "operation",
        "password" : "operationpass"
      },
      "out_sr_config" : {
        "host" : "35.185.163.58",
        "database" : "ecp_reportdb",
        "username" : "operation",
        "password" : "operationpass",
        "project" : "kcecp-prod",
        "keyfile" : "/etc/td-agent/google-cloud-datastore/kcecp-prod.json"
      }
    }
  },
  "run_list" : [
    "role[kcecp-common-a]",
    "role[kcecp-dbconnector]"
  ]
}
