{
  "reverse_proxy" : {
    "configs" : [
      {
        "location" : "/share",
        "options" : [],
        "proxy_pass" : "!",
        "proxy_pass_reverse" : "!"
      },
      {
        "location" : "/",
        "options"  : ["RequestHeader set X-Forwarded-Proto 'https'"],
        "proxy_pass" : "http://prod-kcecp-gui-a01/",
        "proxy_pass_reverse" : "prod-kcecp-gui-a01/"
      }
    ],
    "ssl_crt" : {
      "certs" : {
        "crt" : {
          "name" : "sr.en.kyocera-solar.jp.crt"
        },
        "private" : {
          "name" : "sr.en.kyocera-solar.jp.key"
        }
      }
    }
  },
  "run_list" : [
    "role[kcecp-common-a]",
    "role[kcecp-rp]"
  ]
}
