{
  "kcecp_device_connector" : {
    "repository" : "https://reporter:kccs0000@central.energy-cloud.jp:443/gitlab/framework/device-connector.git",
    "connector" : {
      "wan_ipaddr" : "35.194.137.82"
    },
    "dc_sender" : {
      "repository" : "https://reporter:kccs0000@central.energy-cloud.jp:443/gitlab/framework/dc_sender.git"
    }
  },
  "fluentd" : {
    "ios" : {
      "secure_forward" : {
        "shared_key" : "PROD-KCECP",
        "self_hostname" : "prod-kcecp-sofc-front-a01",
        "host" : "prod-kcecp-sofc-process-a01",
        "port" : "24284",
        "ca_cert_path" : "/etc/td-agent/certs/ca_cert.pem"
      }
    }
  },
  "run_list" : [
    "role[kcecp-common-a]",
    "role[kcecp-sofc-front]"
  ]
}
