{
  "ntp" : {
    "server" : "ntp.jst.mfeed.ad.jp",
    "restricts" : [{
      "ip" : "10.140.0.0",
      "mask" : "255.255.240.0"
    }]
  },
  "jenkins" : {
    "plugins" : {
      "simple-theme-plugin" : {
        "site_name" : "KC ECP Jenkins",
        "header_bg_color" : "red",
        "header_text_color" : "black"
      },
      "timestamper" : {}
    }
  },
  "jenkins_jobs_kcecp" : {
    "kitchen_home" : "/home/ems-adm/chef-solo",
    "gitlab" : {
      "source_url" : "https://ecp_reporter:kccs0000@104.199.239.12:443/gitlab",
      "local_url"  : "https://ecp_reporter:kccs0000@localhost:443/gitlab"
    },
    "sync_gitlab" : {
      "shell" : "sync_gitlab.v8.sh"
    },
    "update_kitchen" : {
      "shell" : "update_kitchen.v8.sh"
    },
    "path_knife_solo_list" : "nodes/kcecp-knifesolo-list.txt",
    "sshkey" : "key_ems-adm.pem"
  },
  "gitlab" : {
    "host" : "35.185.136.44",
    "force_use_design" : {
      "id" : "5"
    }
  },
  "reverse_proxy" : {
    "configs" : [
      {
        "location" : "/gitlab",
        "options" : [
          "RequestHeader set X_FORWARDED_PROTO 'https'"
        ],
        "proxy_pass" : "http://localhost:8080/gitlab",
        "proxy_pass_reverse" : "http://localhost:8080/gitlab"
      },
      {
        "location" : "/jenkins",
        "options" : [],
        "proxy_pass" : "http://localhost:8888/jenkins",
        "proxy_pass_reverse" : "http://localhost:8888/jenkins"
      }
    ]
  },
  "phpmyadmin" : {
    "servers" : {
      "db" : {
        "host" : "35.185.163.58"
      }
    }
  },
  "run_list" : [
    "role[kcecp-common-a]",
    "role[kcecp-ci]"
  ]
}
