{
  "reverse_proxy" : {
    "configs" : [
      {
        "location" : "/channel/base/v1/firmware",
        "options" : [],
        "proxy_pass" : "http://kcecp-ci-a01/firmware",
        "proxy_pass_reverse" : "http://kcecp-ci-a01/firmware"
      },
      {
        "location" : "/",
        "options" : [],
        "proxy_pass" : "http://sr.en.kyocera-solar.jp/",
        "proxy_pass_reverse" : "http://sr.en.kyocera-solar.jp"
      }
    ]
  },
  "ssl_crt" : {
    "certs" : {
      "crt" : {
        "name" : "sr.en.kyocera-solar.jp.crt"
      },
      "private" : {
        "name" : "sr.en.kyocera-solar.jp.key"
      }
    }
  },
  "run_list" : [
    "role[kcecp-common-a]",
    "role[kcecp-gae-rp]",
    "role[munin-node-prod-kcecp-gae-rp-a01]"
  ]
}
