{
  "fluentd" : {
    "configs" : [
      "td-agent_in_kafka.conf",
      "td-agent_kcecp-front-aggregate.conf"
    ],
    "ios" : {
      "in_kafka" : {
        "brokers" : "prod-kcecp-kafka-a01:9092",
        "offset_zookeeper" : "prod-kcecp-kafka-a01:2181",
        "offset_zk_root_node" : "/prod-kcecp-front-a11",
        "partitions" : [0]
      },
      "out_datastore_half" : {
        "project" : "kcecp-prod",
        "keyfile" : "/etc/td-agent/out_datastore/kcecp-prod.json"
      },
      "out_datastore_day" : {
        "project" : "kcecp-prod",
        "keyfile" : "/etc/td-agent/out_datastore/kcecp-prod.json"
      },
      "out_datastore_minute" : {
        "project" : "kcecp-prod",
        "keyfile" : "/etc/td-agent/out_datastore/kcecp-prod.json"
      }
    }
  },
  "run_list" : [
    "role[kcecp-common-a]",
    "role[kcecp-front]"
  ]
}
