{
  "reverse_proxy" : {
    "configs" : [
      {
        "location" : "/admin",
        "options"  : ["RequestHeader set X-Forwarded-Proto 'https'"],
        "proxy_pass" : "http://prod-kcecp-gui-a01/admin",
        "proxy_pass_reverse" : "http://prod-kcecp-gui-a01/admin"
      },
      {
        "location" : "/jenkins",
        "options"  : ["RequestHeader set X-Forwarded-Proto 'https'"],
        "proxy_pass" : "http://prod-kcecp-opjob-a01/jenkins",
        "proxy_pass_reverse" : "http://prod-kcecp-opjob-a01/jenkins"
      }
    ]
  },
  "ssl_crt" : {
    "certs" : {
      "crt" : {
        "name" : "wildcard_energy-cloud.jp.crt"
      },
      "private" : {
        "name" : "wildcard_energy-cloud.jp.key"
      },
      "ca_crt" : {
        "name" : "geotrust_g3.pem.crt"
      }
    }
  },
  "run_list" : [
    "role[kcecp-common-a]",
    "role[kcecp-rp]"
  ]
}
