{
  "fluentd" : {
    "ios" : {
      "secure_forward" : {
        "shared_key" : "PROD-KCECP",
        "intra_self_hostname" : "prod-kcecp-sofc-process-a01",
        "ca_cert_path" : "/etc/td-agent/certs/ca_cert.pem",
        "ca_private_key_path" : "/etc/td-agent/certs/ca_key.pem",
        "ca_private_key_passphrase" : "PROD-KCECP",
        "intra_port" : "24284",
        "internet_port" : "24285",
        "internet_self_hostname" : "35.189.173.253"
      },
      "out_kafka" : {
        "brokers" : "prod-kcecp-kafka-a01:9092"
      }
    }
  },
  "run_list" : [
    "role[kcecp-common-a]",
    "role[kcecp-sofc-process]"
  ]
}
