{
  "fluentd" : {
    "configs" : [
      "td-agent_kcecp-front.conf",
      "td-agent_kcecp-front-push_mail.conf"
    ],
    "ios" : {
      "in_datastore" : {
        "keyfile" : "/etc/td-agent/in_datastore/kcecp-prod.json"
      },
      "out_kafka" : {
        "brokers" : "prod-kcecp-kafka-a01:9092"
      },
      "in_datastore_mail" : {
        "type" : "fluent-plugin-google_cloud_datastore",
        "keyfile" : "/etc/td-agent/in_datastore/kcecp-prod.json",
        "entity" : "PushMessage",
        "primary_key" : "RegisterDate",
        "interval" : "300",
        "tag" : "kcecp.push_messsage",
        "pos_file" : "/var/log/td-agent/datastore/kcecp.push_message"
      },
      "mail_converter" : {
        "plugin" : "fluent-plugin-ecp_id_converter",
        "from" : "ems-dev@kccs.co.jp",
        "return_path" : "ems-dev@kccs.co.jp",
        "reply_to" : "ems-dev@kccs.co.jp"
      },
      "out_forward_mail" : {
        "plugin" : "forward",
        "host" : "prod-kcecp-opjob-a01",
        "buffer_path" : "/var/log/td-agent/buffer/kcecp.push_message",
        "secondary_path" : "/var/log/td-agent/forward-failed/kcecp.push_message"
      }
    }
  },
  "run_list" : [
    "role[kcecp-common-a]",
    "role[kcecp-front]"
  ]
}
