{
  "fluentd" : {
    "configs" : [
      "td-agent_in_kafka.conf",
      "td-agent_kcecp-summary.conf",
      "td-agent_kcecp-summary_alert.conf"
    ],
    "ios" : {
      "in_kafka" : {
        "brokers" : "prod-kcecp-kafka-a01:9092",
        "offset_zookeeper" : "prod-kcecp-kafka-a01:2181",
        "offset_zk_root_node" : "/prod-kcecp-summary-a01",
        "partitions" : [0]
      },
      "out_kafka_half" : {
        "brokers" : "prod-kcecp-kafka-a01:9092"
      },
      "out_kafka_day" : {
        "brokers" : "prod-kcecp-kafka-a01:9092"
      },
      "amazon_ses" : {
        "from" : "ems-dev@kccs.co.jp",
        "return_path" : "ems-dev@kccs.co.jp",
        "reply_to" : "ems-dev@kccs.co.jp",
        "to" : "ems-dev@kccs.co.jp",
        "subject" : "(ECP-PROD)アラート検知のお知らせ",
        "body" : "${\"デバイスからのエラーを受信しました。\\n\\n発生日：#{record['date_time']}\\n対象デバイス：#{record['device_id']}\\nエラーコード：#{record['error_code']}\"}",
        "region" : "us-west-2",
        "access_key_id" : "AKIAJSBF3CJ3EFE6WQDQ",
        "secret_access_key" : "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",
        "adapter" : "sqlite3",
        "database" : "/opt/fluent-plugin-amazon_ses/db/amazon_ses.sqlite3"
      }
    }
  },
  "run_list" : [
    "role[kcecp-common-a]",
    "role[kcecp-summary]"
  ]
}
