{
  "fluentd" : {
    "configs" : [
      "td-agent_in_kafka.conf",
      "td-agent_kcecp-process.conf"
    ],
    "ios" : {
      "in_kafka" : {
        "brokers" : "stg-kcecp-kafka-a01:9092",
        "offset_zookeeper" : "stg-kcecp-kafka-a01:2181",
        "offset_zk_root_node" : "/stg-kcecp-process-a01",
        "partitions" : [0]
      },
      "out_mysql_minute" : {
        "host" : "104.199.155.149",
        "database" : "ecpdb",
        "username" : "operation",
        "password" : "operationpass"
      }
    }
  },
  "cloudstorage_register" : {
    "project" : "kcecp-stg",
    "cloudstorage_register_lite" : {
      "gcs" : {
        "project" : "kcecp-stg",
        "bucket"  : "kcecp"
      }
    }
  },
  "run_list" : [
    "role[stg-kcecp-common-a]",
    "role[kcecp-process]"
  ]
}
