{
  "site_forecast_receiver" : {
    "api" : {
        "access_key" : "YqH2B5EounaZbtpMsJRk",
        "secret_key" : "4440418b-e513-4b46-ab70-82f1d02da2fdfc74"
    },
    "cron" : {
      "forecasts" : {
        "minute"  : "07",
        "hour"    : "6,12,18",
        "day"     : "*",
        "month"   : "*",
        "weekday" : "*"
      },
      "weather_forecasts" : {
        "minute"  : "47",
        "hour"    : "*",
        "day"     : "*",
        "month"   : "*",
        "weekday" : "*"
      },
      "weekly_weather_forecasts" : {
        "minute"  : "27",
        "hour"    : "11,17",
        "day"     : "*",
        "month"   : "*",
        "weekday" : "*"
      }
    }
  },
  "run_list" : [
    "role[stg-kcecp-common-a]",
    "role[stg-kcecp-restapi-dataconvert]",
    "role[munin-node-restapi-dataconvert-a01]"
  ]
}
