{
  "reverse_proxy" : {
    "configs" : [
      {
        "location" : "/channel/base/v1/firmware",
        "options" : [],
        "proxy_pass" : "http://10.146.0.3/firmware",
        "proxy_pass_reverse" : "http://10.146.0.3/firmware"
      },
      {
        "location" : "/",
        "options" : [],
        "proxy_pass" : "http://kcecp-stg.appspot.com/",
        "proxy_pass_reverse" : "http://kcecp-stg.appspot.com"
      }
    ]
  },
  "ssl_crt" : {
    "certs" : {
      "crt" : {
        "name" : "kc-hems.energy-cloud.jp.crt"
      },
      "private" : {
        "name" : "kc-hems.energy-cloud.jp.key"
      },
      "ca_crt" : {
        "name" : "ca_symantec-class-3-secure-server.crt"
      }
    }
  },
  "run_list" : [
    "role[stg-kcecp-common-a]",
    "role[kcecp-gae-rp]",
    "role[munin-node-stg-kcecp-gae-rp-a01]"
  ]
}
